<?xml version="1.0" ?>
<QUERY>
   <QUERYID>10.2452/142-AH</QUERYID>
   <TITLE> Christo wraps German Reichstag</TITLE>
   <DESC> Find reports on the wrapping of the German Reichstag in Berlin by the artist Christo .</DESC>
   <NARR> The wrapping artist Christo took two weeks in June 1995 to wrap the Berlin German Reichstag in_lengths of material . Find reports on this artistic event . Any information on either its preparation or its execution is relevant , including political debates and decisions and technical preparations .</NARR>
</QUERY>
