<?xml version="1.0" ?>
<QUERY>
   <QUERYID>10.2452/143-AH</QUERYID>
   <TITLE> Women ' s Conference Beijing</TITLE>
   <DESC> Controversial positions by a number of delegates meant that the Women ' s Conference in Beijing risked failure .</DESC>
   <NARR> Relevant documents will discuss any of the many problems or disagreements that arose in connection with the Women ' s Conference in Beijing . Of particular interest are the positions held by representatives of the Vatican , Muslim communities and the Chinese communist_party .</NARR>
</QUERY>
