<?xml version="1.0" ?>
<QUERY>
   <QUERYID>10.2452/145-AH</QUERYID>
   <TITLE> Japanese Rice Imports</TITLE>
   <DESC> Find documents discussing reasons for and consequences of the first imported rice in Japan .</DESC>
   <NARR> In 1994 , Japan decided to open the national rice market for the first time to other countries . Relevant documents will comment on this question . The discussion can include the names of the countries from which the rice is imported , the types of rice , and the controversy that this decision prompted in Japan .</NARR>
</QUERY>
