<?xml version="1.0" ?>
<QUERY>
   <QUERYID>10.2452/149-AH</QUERYID>
   <TITLE> Pope ' s Visit in Sri Lanka</TITLE>
   <DESC> Find reports on protests or problems caused by previous declarations of the Pope about Buddhism during his visit to Sri Lanka .</DESC>
   <NARR> Pope John Paul found a mixed reception waiting when he visited largely Buddhist Sri Lanka . The Pope ' s visit to Sri Lanka proved to be a test of relations between the Catholic_Church and Buddhist leaders following comments about Buddhism in a recently published book .</NARR>
</QUERY>
