<?xml version="1.0" ?>
<QUERY>
   <QUERYID>10.2452/151-AH</QUERYID>
   <TITLE> Wonders of Ancient World</TITLE>
   <DESC> Look_for information on the existence and / or the discovery of remains of the seven wonders of the ancient world .</DESC>
   <NARR> Relevant documents will contain references_to any of the seven wonders of the ancient world that still exist today . Of particular interest are reports on the recent discovery of remains believed to belong_to one of the seven ancient wonders .</NARR>
</QUERY>
