<?xml version="1.0" ?>
<QUERY>
   <QUERYID>10.2452/155-AH</QUERYID>
   <TITLE> Risks with Mobile Phones</TITLE>
   <DESC> What risks and dangers are there with an increased use of mobile phones ?</DESC>
   <NARR> Relevant documents will describe problems that have to do with mobile phone usage . Both health risks that may have to do with mobile phone usage , such_as radiation related risks , or dangers that are incidental_to mobile phones , such_as traffic accidents caused by inattentive drivers , are relevant .</NARR>
</QUERY>
