<?xml version="1.0" ?>
<QUERY>
   <QUERYID>10.2452/156-AH</QUERYID>
   <TITLE> Trade_Unions in Europe</TITLE>
   <DESC> What are the differences in the role and importance of trade_unions between European_countries ?</DESC>
   <NARR> Relevant documents must compare the role , status or importance of trade_unions between two or more European_countries . Pertinent information will include level of organisation , wage negotiation mechanisms , and the general climate of the labour market .</NARR>
</QUERY>
