<?xml version="1.0" ?>
<QUERY>
   <QUERYID>10.2452/159-AH</QUERYID>
   <TITLE> North_Sea Oil Environment</TITLE>
   <DESC> What steps are being taken_to protect the environment given the increase in oil exploration and production in the North_Sea ?</DESC>
   <NARR> Relevant documents must identify and discuss environmental issues surrounding the exploration and production of oil in the North_Sea . Documents discussing the decommissioning of an oil_production site are only relevant if they mention environmental problems . However , documents that simply list companies involved in drilling , or that report on the amount of production and revenues are not of interest .</NARR>
</QUERY>
