<?xml version="1.0" ?>
<QUERY>
   <QUERYID>10.2452/160-AH</QUERYID>
   <TITLE> Scotch Production Consumption</TITLE>
   <DESC> Documents will discuss the amount of scotch consumed by Scots relative to the amount of scotch that is exported from Scotland .</DESC>
   <NARR> Documents must report on the consumption of scotch by Scots relative to the amount produced to be relevant . Documents that report on consumption by other nations or only analyze reasons for declining exports are irrelevant .</NARR>
</QUERY>
