<?xml version="1.0" ?>
<QUERY>
   <QUERYID>10.2452/173-AH</QUERYID>
   <TITLE> Proof of Top_Quarks</TITLE>
   <DESC> Find reports on the experimental proof of top_quarks by US researchers .</DESC>
   <NARR> Scientists of an American research_center reported that the existence of the so-called top_quark could be proved experimentally . The elementary_particles named quarks are the fundamental constituents of matter . Relevant documents must discuss this experimental evidence and not elementary_particles in_general .</NARR>
</QUERY>
