<?xml version="1.0" ?>
<QUERY>
   <QUERYID>10.2452/175-AH</QUERYID>
   <TITLE> Everglades Environmental Damage</TITLE>
   <DESC> Find reports on environmental damage in the Everglades , for example caused by the Florida sugar industry .</DESC>
   <NARR> Reports should talk_about damage to the Everglades environment . Of particular interest are discussions on problems caused by the sugar industry . References_to environmental damage by run-off from farms in_general are also relevant .</NARR>
</QUERY>
