<?xml version="1.0" ?>
<QUERY>
   <QUERYID>10.2452/181-AH</QUERYID>
   <TITLE> French Nuclear Tests</TITLE>
   <DESC> Find reports of international pressure to put an end to French nuclear testing .</DESC>
   <NARR> Greenpeace and many other ecologist groups have denounced the decision by Jaques Chirac after his election to break the international moratorium on nuclear testing . Each test resulted in strong protests throughout the world , especially in Australia and in New Zealand . Both Japan and the USA expressed their regrets about the_French attitude .</NARR>
</QUERY>
