<?xml version="1.0" ?>
<QUERY>
   <QUERYID>10.2452/182-AH</QUERYID>
   <TITLE> 50th Anniversary of Normandy Landings</TITLE>
   <DESC> Find reports on parachuting by veterans over Sainte-MÃšre-Ãglise during the celebrations of the fiftieth anniversary of the Normandy landings .</DESC>
   <NARR> About 40 veterans parachuted over Sainte-MÃšre-Ãglise during the Normandy anniversary celebrations as they had done 50 years earlier on D-day . Any information on plans for this action or the event itself are relevant .</NARR>
</QUERY>
