<?xml version="1.0" ?>
<QUERY>
   <QUERYID>10.2452/184-AH</QUERYID>
   <TITLE> Maternity Leave in Europe</TITLE>
   <DESC> Find documents that give information on provisions concerning the length of maternity leave in Europe .</DESC>
   <NARR> Documents must report exact figures with_respect_to the time allowed_for maternity leave for working women in Europe . Discussions , laws or proposals of laws concerning the length of maternity leave to which women are entitled in any European_country are also relevant as long as numbers are given . Comparisons between regulations in different states are also of interest .</NARR>
</QUERY>
