<?xml version="1.0" ?>
<QUERY>
   <QUERYID>10.2452/185-AH</QUERYID>
   <TITLE> Dutch Photos of Srebrenica</TITLE>
   <DESC> What happened to the photographs and films that Dutch soldiers made in Srebrenica which provided evidence of violations of human_rights ?</DESC>
   <NARR> After the fall of Srebrenica , photos and videos made by Dutch military with evidence of violations of human_rights disappeared . Remaining film showed only a_few discernible images . Relevant documents will provide any kind of information on this incident and may include details on the content of the photographs and film and discussions on what happened to them .</NARR>
</QUERY>
