<?xml version="1.0" ?>
<QUERY>
   <QUERYID>10.2452/187-AH</QUERYID>
   <TITLE> Nuclear Transport in Germany</TITLE>
   <DESC> Find reports on the protests against the transportation of radioactive waste with Castor containers in Germany .</DESC>
   <NARR> Relevant documents report about radioactive waste shipments with Castor containers to Gorleben in Lower_Saxony and the protest actions against it . Any document reporting on protests against about these shipments is relevant even if it does not specifically mention the location or the type of container used .</NARR>
</QUERY>
