<?xml version="1.0" ?>
<QUERY>
   <QUERYID>10.2452/193-AH</QUERYID>
   <TITLE> EU and Baltic Countries</TITLE>
   <DESC> Find documents telling about the negotiations between Baltic countries ( Estonia , Latvia or Lithuania ) and the European Union concerning EU membership .</DESC>
   <NARR> Relevant documents describe the negotiations between the EU and Estonia , Latvia or Lithuania . Reports of agreements for cooperation between single European_nations and any of the Baltic countries are not relevant .</NARR>
</QUERY>
