<?xml version="1.0" ?>
<QUERY>
   <QUERYID>10.2452/194-AH</QUERYID>
   <TITLE> Italian Royal_Family</TITLE>
   <DESC> Find information on the exile from Italy of male members of the House of Savoy .</DESC>
   <NARR> Relevant documents will provide information concerning the terms of the exile of the Italian royal_family , the House of Savoy , and / or the conditions imposed . Documents that report discussions and opinions concerning a possible end to the banishment of the heirs and their return to Italy are also to be considered pertinent .</NARR>
</QUERY>
