<?xml version="1.0" ?>
<QUERY>
   <QUERYID>10.2452/195-AH</QUERYID>
   <TITLE> Strikes by Italian Flight Assistants</TITLE>
   <DESC> Find reports on disruptions or problems caused by strikes by flight assistants in Italy .</DESC>
   <NARR> Relevant documents will give information on disruptions that are a direct result of strikes by Italian flight assistants . Pertinent information can include details on delays and cancellations of flights and difficulties for passengers anywhere in Europe or beyond due_to the effect of trade_union action by flight assistants in Italy .</NARR>
</QUERY>
