<?xml version="1.0" ?>
<QUERY>
   <QUERYID>10.2452/252-AH</QUERYID>
   <TITLE> Pension Schemes in Europe</TITLE>
   <DESC> Find documents that give information about current pension systems and retirement_benefits in any European_country .</DESC>
   <NARR> Relevant documents will contain information on current pension schemes and benefits in single European states . Information of interest includes minimum and maximum ages for retirement and the way in which the retirement income is calculated . Plans for future pension reform are not relevant .</NARR>
</QUERY>
