<?xml version="1.0" ?>
<QUERY>
   <QUERYID>10.2452/253-AH</QUERYID>
   <TITLE> Countries with Death_Penalty</TITLE>
   <DESC> In which countries or states is the death_penalty still practiced or at least permitted by the constitution ?</DESC>
   <NARR> Documents explicitly stating that the constitution of a given state permits capital_punishment are obviously relevant . Documents reporting specific death sentences are also relevant as long as the state or country concerned is mentioned clearly .</NARR>
</QUERY>
