<?xml version="1.0" ?>
<QUERY>
   <QUERYID>10.2452/254-AH</QUERYID>
   <TITLE> Earthquake Damage</TITLE>
   <DESC> Find documents describing damage to property or persons caused by an earthquake and specifying the area affected .</DESC>
   <NARR> Relevant documents will provide details on damage to buildings and material goods or injuries to people as a result of an earthquake . The geographical location ( e.g. country , region , city ) affected by the earthquake must also be mentioned .</NARR>
</QUERY>
