<?xml version="1.0" ?>
<QUERY>
   <QUERYID>10.2452/256-AH</QUERYID>
   <TITLE> Creutzfeldt-Jakob Disease</TITLE>
   <DESC> Find documents describing symptoms of any variant of the Creutzfeldt-Jakob disease or reports that link CJD to Bovine Spongiform Encephalopathy ( BSE ) , otherwise known as the mad-cow disease .</DESC>
   <NARR> Relevant documents will describe the symptoms of subjects suspected or diagnosed as having the Creutzfeldt-Jakob disease or will focus_on reported links between CJD and BSE , otherwise known as the mad-cow disease .</NARR>
</QUERY>
