<?xml version="1.0" ?>
<QUERY>
   <QUERYID>10.2452/258-AH</QUERYID>
   <TITLE> Brain-Drain Impact</TITLE>
   <DESC> Find documents about problems caused by the &quot; brain_drain &quot; and information on the countries and regions most strongly affected .</DESC>
   <NARR> Relevant documents must cite some of the problems caused by the transfer of highly talented people or skilled-labour power from poorer regions of the world to more prosperous areas . The countries involved should be named .</NARR>
</QUERY>
