<?xml version="1.0" ?>
<QUERY>
   <QUERYID>10.2452/275-AH</QUERYID>
   <TITLE> Smoking-related Diseases</TITLE>
   <DESC> What diseases or medical problems are suspected to be related to either passive or active smoking ?</DESC>
   <NARR> Relevant documents must report specific information on at least one disease which is considered to be a direct consequence of cigarette smoking or exposure to cigarette smoke . General discussions on the health risks of smoking are not relevant .</NARR>
</QUERY>
