<?xml version="1.0" ?>
<QUERY>
   <QUERYID>10.2452/277-AH</QUERYID>
   <TITLE> Euthanasia by Medics</TITLE>
   <DESC> Relevant documents will report on specific cases of declared or suspected euthanasia or mercy_killings in hospital or by members of the medical_profession .</DESC>
   <NARR> All documents that provide some information on probable occurrences of euthanasia or mercy_killings - either suspected or proven - by doctors , nurses or other members of the medical_profession are relevant . General discussions on laws to regulate euthanasia and statements by religious_leaders or politicians are not of interest .</NARR>
</QUERY>
