<?xml version="1.0" ?>
<QUERY>
   <QUERYID>10.2452/280-AH</QUERYID>
   <TITLE> Crime in New York</TITLE>
   <DESC> Find information on criminal episodes or reports on changes in the rate of crime in the city of New York .</DESC>
   <NARR> Relevant documents will provide information on criminal activity in New York . Descriptions of single episodes of theft , burglary or violence are of interest as are reports on crime statistics and on increases or declines in the incidence of crime in this city.</NARR>
</QUERY>
