<?xml version="1.0" ?>
<QUERY>
   <QUERYID>10.2452/285-AH</QUERYID>
   <TITLE> Anti-abortion Movements</TITLE>
   <DESC> Find reports on any action by members of anti-abortion movements or on efforts to restrict or abolish the laws regulating abortion .</DESC>
   <NARR> Any action by members of the anti-abortion movement , including demonstrations and protest marches , but also specific actions against abortion clinics is of interest . Statements by individuals in favour of abolishing or restricting legal abortion are also relevant .</NARR>
</QUERY>
