<?xml version="1.0" ?>
<QUERY>
   <QUERYID>10.2452/286-AH</QUERYID>
   <TITLE> Football Injuries</TITLE>
   <DESC> Find documents which describe injuries to professional footballers during football ( soccer ) matches or pre-match training sessions .</DESC>
   <NARR> Relevant documents will describe the occurrence of any kind of soccer playing injury including contusions , muscle sprains , pulled hamstrings and cartilage damage but also more serious injuries such_as broken limbs or concussion .</NARR>
</QUERY>
