<?xml version="1.0" ?>
<QUERY>
   <QUERYID>10.2452/287-AH</QUERYID>
   <TITLE> Hostage / Terrorist Situations</TITLE>
   <DESC> Find documents which discuss situations involving the taking of hostages by terrorists or militant groups .</DESC>
   <NARR> Relevant documents describe actual cases in which people are taken as hostages by terrorists or militant groups . Stories or films that describe the capturing of hostages are to be excluded , as are any legal claims made by former hostages .</NARR>
</QUERY>
