<?xml version="1.0" ?>
<QUERY>
   <QUERYID>10.2452/291-AH</QUERYID>
   <TITLE> EU Illegal Immigrants</TITLE>
   <DESC> Find documents related to the phenomenon of illegal immigration in European Union countries , including descriptions of single incidents involving the discovery or activities of illegal immigrants and more general statements discussing the problem .</DESC>
   <NARR> Relevant documents refer only to illegal immigration towards countries of the European Union . Any information is of interest including the role played by criminal groups in harbouring , transporting and exploiting these people.</NARR>
</QUERY>
