<?xml version="1.0" ?>
<QUERY>
   <QUERYID>10.2452/295-AH</QUERYID>
   <TITLE> Money Laundering</TITLE>
   <DESC> Find documents discussing the financial crime known as money_laundering , which is the process whereby criminals conceal illicitly acquired funds by converting them into seemingly legitimate income .</DESC>
   <NARR> Relevant documents will provide any information on money_laundering by criminal organisations - including the use of tax havens - or can describe international measures to combat it .</NARR>
</QUERY>
