<?xml version="1.0" ?>
<QUERY>
   <QUERYID>10.2452/307-AH</QUERYID>
   <TITLE> Films Set_in Scotland</TITLE>
   <DESC> Find any information about films whose action is set_in Scotland .</DESC>
   <NARR> Relevant documents must mention films whose action is set_in Scotland . Films filmed in Scotland , but set elsewhere are not relevant . Plays such_as « Macbeth » are not relevant , but their filmed versions are . Documentary_films that include scenes in Scotland are also of interest .</NARR>
</QUERY>
