<?xml version="1.0" ?>
<QUERY>
   <QUERYID>10.2452/309-AH</QUERYID>
   <TITLE> &quot; Hard &quot; Drugs</TITLE>
   <DESC> What are the dangers to health of illegal &quot; hard &quot; drugs , such_as heroin and cocaine , as opposed to &quot; soft &quot; drugs ?</DESC>
   <NARR> Relevant documents must provide information on the medical risks involved in the illegal use of and dependence on hard_drugs . Information on problems resulting from the use of &quot; soft &quot; drugs is not relevant .</NARR>
</QUERY>
