<?xml version="1.0" ?>
<QUERY>
   <QUERYID>10.2452/316-AH</QUERYID>
   <TITLE> Strikes</TITLE>
   <DESC> Who is_on strike and why ?</DESC>
   <NARR> Find documents that report specific cases of strikes anywhere in the world . The documents must provide specific information on the causes of the strike and the objectives that the strikers hope to achieve by their industrial action . Only documents that discuss actual strikes are relevant ; information on possible future strikes is not pertinent .</NARR>
</QUERY>
