<?xml version="1.0" ?>
<QUERY>
   <QUERYID>10.2452/323-AH</QUERYID>
   <TITLE> Tightening Visa Requirements</TITLE>
   <DESC> Find documents which provide information on the tightening of visa restrictions and immigration laws .</DESC>
   <NARR> Relevant documents must give information on countries that have recently made their immigration rules and visa regulations more restrictive . Also of interest are discussions on countries that are now considering implementing restrictions of this type .</NARR>
</QUERY>
