<?xml version="1.0" ?>
<QUERY>
   <QUERYID>10.2452/326-AH</QUERYID>
   <TITLE> Emmy International Awards</TITLE>
   <DESC> Find information on the winners in any category of the 1995 Emmy Awards for excellence in international television programming .</DESC>
   <NARR> Each year the International Academy of Television Arts &amp; Sciences presents the International Emmy Award to the best television_programs produced outside the U.S. Relevant documents will provide the name of the winner ( s ) in any or all categories .</NARR>
</QUERY>
