<?xml version="1.0" ?>
<QUERY>
   <QUERYID>10.2452/335-AH</QUERYID>
   <TITLE> Labour after John Smith</TITLE>
   <DESC> What was the effect on Britain ' s Labour_Party of the death of John Smith ?</DESC>
   <NARR> Documents should discuss or speculate on the future of the_British Labour_Party after the death of its leader John Smith in 1994 . Of particular interest are details on the struggle for power between the various currents in the party and the battle between the candidates for leadership .</NARR>
</QUERY>
