<?xml version="1.0" ?>
<QUERY>
   <QUERYID>10.2452/343-AH</QUERYID>
   <TITLE> South_African National Party</TITLE>
   <DESC> Look_for information about the campaign and results of the National Party in the 1994 South_African elections .</DESC>
   <NARR> Relevant documents must report on the campaign of the National Party , its attempts to reach new voters , and its results in the first South_African multiracial elections . Details about the history of the party aren ' t relevant .</NARR>
</QUERY>
